<PAMDataset>
  <PAMRasterBand band="1">
    <Histograms>
      <HistItem>
        <HistMin>0</HistMin>
        <HistMax>0.8358575701713562</HistMax>
        <BucketCount>256</BucketCount>
        <IncludeOutOfRange>1</IncludeOutOfRange>
        <Approximate>0</Approximate>
        <HistCounts>14890028|0|0|0|0|0|0|0|0|0|0|0|0|0|0|0|0|0|0|0|0|0|0|0|0|0|0|0|0|0|0|0|0|0|0|0|0|0|0|0|0|0|0|0|0|0|0|0|0|0|0|0|0|0|0|0|0|0|0|0|0|0|0|0|0|0|0|0|0|0|0|0|0|0|0|0|0|0|0|0|0|0|0|0|0|0|0|0|0|0|0|0|0|0|0|0|0|0|0|0|0|0|0|0|0|0|0|0|0|0|0|0|0|0|0|0|0|0|0|0|0|0|0|0|0|0|0|16357|0|0|0|0|0|0|0|0|0|75196|0|0|0|0|0|0|0|0|56673|45496|0|0|0|0|0|0|0|130496|0|2926|0|0|0|1|9546|3598|0|1303|123|2355|4318|7712|2867|195|6478|2043|3044|0|791|1973|0|0|14493|0|0|0|819|1477|1391|0|0|0|0|10458|7402|0|96|2241|10781|434|557|0|9|31576|0|6518|659|613|1147|7097|3034|208|2592|751|847|4025|2818|21|670|29984|2640|559|420|113|1178|10636|0|1324|2251|880|1425|0|358|252|55|973|1041|503|0|41|135|2583|2316|1649|0|285|2152|0|51|813|237|360|0|0|231|0|0|384</HistCounts>
      </HistItem>
    </Histograms>
    <Metadata>
      <MDI key="RepresentationType">ATHEMATIC</MDI>
      <MDI key="STATISTICS_COVARIANCES">0.01088150873159497</MDI>
      <MDI key="STATISTICS_EXCLUDEDVALUES"></MDI>
      <MDI key="STATISTICS_MAXIMUM">0.83585757017136</MDI>
      <MDI key="STATISTICS_MEAN">0.019768275275423</MDI>
      <MDI key="STATISTICS_MINIMUM">0</MDI>
      <MDI key="STATISTICS_SKIPFACTORX">1</MDI>
      <MDI key="STATISTICS_SKIPFACTORY">1</MDI>
      <MDI key="STATISTICS_STDDEV">0.10431447038448</MDI>
    </Metadata>
  </PAMRasterBand>
</PAMDataset>
