<PAMDataset>
  <PAMRasterBand band="1">
    <Histograms>
      <HistItem>
        <HistMin>0.008629510179162025</HistMin>
        <HistMax>0.7768805623054504</HistMax>
        <BucketCount>256</BucketCount>
        <IncludeOutOfRange>1</IncludeOutOfRange>
        <Approximate>0</Approximate>
        <HistCounts>13335233|0|0|0|0|0|0|0|0|0|0|0|0|0|0|0|0|0|0|0|0|0|0|182956|0|0|0|0|0|0|0|962121|0|0|0|0|0|0|0|50260|0|0|0|0|0|0|0|0|14052|0|0|0|0|0|0|0|59316|0|0|0|0|0|0|364028|3222|0|0|0|0|0|0|3328|6247|0|0|0|0|0|0|380431|3190|0|0|0|0|0|0|14839|0|2288|0|0|0|0|17568|0|0|0|0|0|0|0|4666|0|0|6052|0|1363|0|0|3153|0|0|0|0|1594|0|0|0|0|0|0|2949|0|0|3198|0|0|0|0|0|0|0|6100|0|0|0|0|0|0|0|0|1596|0|0|0|0|0|0|1602|0|0|0|0|1300|0|0|0|0|0|0|1680|0|0|0|0|0|0|0|0|0|1559|0|0|0|0|0|0|0|0|1560|0|0|0|0|0|0|0|0|0|0|0|0|0|0|0|0|0|0|1591|0|0|0|0|0|0|0|0|0|0|0|0|0|0|0|0|0|0|0|0|0|0|0|0|0|0|0|0|0|0|0|0|0|0|0|0|0|0|0|0|0|0|0|0|0|0|0|0|0|0|0|0|0|0|0|3040</HistCounts>
      </HistItem>
    </Histograms>
    <Metadata>
      <MDI key="RepresentationType">ATHEMATIC</MDI>
      <MDI key="STATISTICS_COVARIANCES">0.003408316890183945</MDI>
      <MDI key="STATISTICS_EXCLUDEDVALUES"></MDI>
      <MDI key="STATISTICS_MAXIMUM">0.77688056230545</MDI>
      <MDI key="STATISTICS_MEAN">0.029022018719495</MDI>
      <MDI key="STATISTICS_MINIMUM">0.008629510179162</MDI>
      <MDI key="STATISTICS_SKIPFACTORX">1</MDI>
      <MDI key="STATISTICS_SKIPFACTORY">1</MDI>
      <MDI key="STATISTICS_STDDEV">0.05838079213392</MDI>
    </Metadata>
  </PAMRasterBand>
</PAMDataset>
